Date,TM,SHELL,AAPL
8/28/2020,133.919998,941.773804,121.967491
8/31/2020,132.429993,923.224182,126.103661
9/1/2020,132.300003,913.864319,131.126724
9/2/2020,132.520004,919.820801,128.409958
9/3/2020,129.949997,917.437988,118.129364
9/4/2020,133.169998,937.348999,118.207542
9/8/2020,131.229996,906.376465,110.252769
9/9/2020,131.130005,925.096069,114.650368
9/10/2020,130.179993,928.669922,110.907516
9/11/2020,131.339996,921.862793,109.451431
9/14/2020,133.770004,906.376465,112.73497
9/15/2020,134.029999,919.820801,112.910866
9/16/2020,134.029999,912.162598,109.578476
9/17/2020,135,895.484985,107.829185
9/18/2020,134.25,880.338989,104.408829
9/21/2020,131.220001,854.982117,107.575119
9/22/2020,132.25,879.658386,109.265755
9/23/2020,133.289993,877.445862,104.682465
9/24/2020,131.850006,862.810547,105.757439
9/25/2020,132.970001,854.982117,109.725052
9/28/2020,136.009995,852.940247,112.344048
9/29/2020,134.25,837.113159,111.493858
9/30/2020,132.440002,820.180542,113.174721
10/1/2020,132.429993,789.633301,114.132408
10/2/2020,131.729996,793.972839,110.448212
10/5/2020,132.100006,814.819763,113.849022
10/6/2020,131.259995,836.262573,110.58503
10/7/2020,132.429993,825.115723,112.461334
10/8/2020,132.949997,847.153931,112.353844
10/9/2020,132.080002,864.8526,114.308327
10/12/2020,131.800003,842.814453,121.56926
10/13/2020,132.649994,836.007141,118.344345
10/14/2020,131.529999,842.303833,118.432297
10/15/2020,131.169998,812.097107,117.963226
10/16/2020,130.639999,828.60437,116.311668
10/19/2020,130.880005,825.54126,113.340851
10/20/2020,131.309998,820.520874,114.836044
10/21/2020,133.139999,797.54657,114.210594
10/22/2020,133.419998,806.991455,113.116089
10/23/2020,133.279999,826.90271,112.422249
10/26/2020,132.850006,802.737122,112.432014
10/27/2020,132.460007,782.315552,113.946747
10/28/2020,130.070007,765.808105,108.669624
10/29/2020,131.350006,793.632385,112.695862
10/30/2020,131.289993,821.456909,106.382881
11/2/2020,133.240005,863.150818,106.294922
11/3/2020,135.869995,873.872131,107.92691
11/4/2020,134.160004,877.956604,112.334297
11/5/2020,137.070007,857.534851,116.321449
11/6/2020,137.199997,857.705017,116.189293
11/9/2020,139.639999,964.74823,113.86924
11/10/2020,139.940002,1003.378662,113.526611
11/11/2020,142.479996,1012.568604,116.972443
11/12/2020,139.690002,1010.401428,116.698341
11/13/2020,141.619995,1002.490356,116.747292
11/16/2020,144.110001,1067.156006,117.765396
11/17/2020,142.740005,1076.95874,116.87455
11/18/2020,141.830002,1081.774536,115.543213
11/19/2020,140.919998,1054.257202,116.140358
11/20/2020,142.130005,1070.423706,114.867752
11/23/2020,143.259995,1117.030884,111.451271
11/24/2020,143.839996,1181.008789,112.743454
11/25/2020,141.309998,1158.307251,113.585342
11/27/2020,140.160004,1152.459351,114.133537
11/30/2020,134.460007,1151.771729,116.54171
12/1/2020,136.139999,1093.12561,120.134399
12/2/2020,136.339996,1121.502563,120.486809
12/3/2020,136.850006,1164.154297,120.34977
12/4/2020,138.279999,1166.390381,119.674278
12/7/2020,138.149994,1205.946289,121.142693
12/8/2020,138.740005,1204.914551,121.759422
12/9/2020,140.880005,1197.519165,119.214195
12/10/2020,143.070007,1189.952148,120.643448
12/11/2020,151,1233.807617,119.830925
12/14/2020,153.580002,1199.411011,119.214195
12/15/2020,152.850006,1169.657837,125.185669
12/16/2020,155.089996,1174.989624,125.117157
12/17/2020,154.639999,1197.347168,125.988411
12/18/2020,153.770004,1194.251587,123.991394
12/21/2020,151.770004,1187.716309,125.528305
12/22/2020,150.770004,1128.209839,129.101425
12/23/2020,151.160004,1125.802002,128.20079
12/24/2020,150.470001,1147.644165,129.189484
12/28/2020,152.600006,1141.624634,133.810043
12/29/2020,153.339996,1142.656616,132.028381
12/30/2020,154.089996,1132.853638,130.902649
12/31/2020,154.570007,1115.99939,129.894302
1/4/2021,153.289993,1119.782837,126.683449
1/5/2021,153.399994,1196.65918,128.249741
1/6/2021,153.529999,1267.172485,123.932648
1/7/2021,152.669998,1267.860352,128.161621
1/8/2021,152.850006,1262.529053,129.267792
1/11/2021,153.389999,1257.541382,126.262489
1/12/2021,151.75,1281.963013,126.086266
1/13/2021,150.649994,1270.612183,128.132248
1/14/2021,151.339996,1293.14209,126.193985
1/15/2021,148.410004,1275.255493,124.461266
1/19/2021,148.130005,1263.733032,125.136711
1/20/2021,149.979996,1265.280884,129.248215
1/21/2021,151.339996,1270.096191,133.986237
1/22/2021,147.949997,1235.527588,136.139908
1/25/2021,146.720001,1221.081177,139.908798
1/26/2021,145.979996,1187.544189,140.143753
1/27/2021,142.639999,1198.207153,139.06691
1/28/2021,143.300003,1200.958984,134.201645
1/29/2021,140.520004,1175.333496,129.179718
2/1/2021,140.410004,1150.567871,131.313766
2/2/2021,143.119995,1131.99353,132.145889
2/3/2021,148.070007,1132.337646,131.117981
2/4/2021,148.020004,1148.848022,134.495285
2/5/2021,150.860001,1125.802002,134.078629
2/8/2021,152.929993,1157.275269,134.225708
2/9/2021,154,1174.301514,133.343369
2/10/2021,161.559998,1170.5177,132.735489
2/11/2021,158.940002,1172.237793,132.480606
2/12/2021,160.490005,1145.408447,132.715897
2/16/2021,156.479996,1167.938232,130.578644
2/17/2021,156.529999,1234.839844,128.274689
2/18/2021,153.449997,1229.508301,127.166862
2/19/2021,153.550003,1237.075439,127.323715
2/22/2021,152.440002,1205.824097,123.52961
2/23/2021,152.729996,1211.547119,123.392357
2/24/2021,152.449997,1240.335693,122.892342
2/25/2021,149.259995,1243.284058,118.617828
2/26/2021,147.929993,1284.732544,118.882553
3/1/2021,149.339996,1296.005005,125.2845
3/2/2021,149.210007,1252.822388,122.666862
3/3/2021,148.830002,1271.725342,119.666855
3/4/2021,146.850006,1274.847412,117.774689
3/5/2021,148.520004,1292.363281,119.039398
3/8/2021,148.229996,1320.458374,114.078606
3/9/2021,151.539993,1342.656616,118.715858
3/10/2021,151.880005,1340.575562,117.62764
3/11/2021,150.360001,1344.737915,119.56881
3/12/2021,150.529999,1356.877319,118.657028
3/15/2021,152.899994,1361.560059,121.558998
3/16/2021,152.100006,1373.179199,123.10804
3/17/2021,153.639999,1344.390869,122.313911
3/18/2021,157.710007,1320.978394,118.166847
3/19/2021,158.580002,1321.325317,117.637428
3/22/2021,154.479996,1309.185425,120.970772
3/23/2021,151.339996,1297.56604,120.137444
3/24/2021,150.669998,1287.507568,117.735466
3/25/2021,151.070007,1245.36499,118.22567
3/26/2021,153.369995,1268.777466,118.833496
3/29/2021,154.899994,1232.184692,119.009987
3/30/2021,153.869995,1257.851929,117.549217
3/31/2021,156.059998,1251.435181,119.755081
4/1/2021,154.160004,1253.862915,120.588432
4/5/2021,155.380005,1225.941772,123.431564
4/6/2021,153.649994,1224.554077,123.735497
4/7/2021,154.699997,1236.173462,125.392349
4/8/2021,153.380005,1249.00708,127.804092
4/9/2021,154.279999,1222.126099,130.392365
4/12/2021,154.089996,1210.33313,128.66687
4/13/2021,155.770004,1216.229614,131.794296
4/14/2021,156.220001,1209.81311,129.441376
4/15/2021,157.309998,1247.272583,131.862961
4/16/2021,157.570007,1238.775024,131.529633
4/19/2021,156.410004,1225.074463,132.196304
4/20/2021,154.100006,1211.200684,130.500214
4/21/2021,155.139999,1170.792358,130.882553
4/22/2021,154.779999,1184.666382,129.353165
4/23/2021,154.990005,1182.064941,131.686462
4/26/2021,153.539993,1175.994995,132.078629
4/27/2021,152.809998,1186.747681,131.755096
4/28/2021,153.259995,1175.127686,130.960999
4/29/2021,152.429993,1198.540283,130.862946
4/30/2021,150.770004,1183.625732,128.882568
5/3/2021,152.229996,1183.625732,129.941376
5/4/2021,150.589996,1198.02002,125.343315
5/5/2021,151.419998,1220.39209,125.588417
5/6/2021,152.960007,1232.704956,127.196274
5/7/2021,153.649994,1240.162231,127.873917
5/10/2021,155.059998,1232.704956,124.574181
5/11/2021,152.240005,1185.880005,123.651047
5/12/2021,153.520004,1225.247803,120.567368
5/13/2021,155.229996,1209.205566,122.727898
5/14/2021,155.850006,1241.220093,125.163414
5/17/2021,158.679993,1247.693237,124.004593
5/18/2021,160.660004,1242.269775,122.610069
5/19/2021,159.289993,1207.630981,122.452934
5/20/2021,160.220001,1211.479858,125.025925
5/21/2021,161.160004,1223.551025,123.179649
5/24/2021,162.779999,1232.122925,124.819672
5/25/2021,162.240005,1201.858032,124.623268
5/26/2021,164.020004,1205.706665,124.574181
5/27/2021,165.550003,1182.264404,123.032349
5/28/2021,165.979996,1177.015747,122.374359
6/1/2021,172.339996,1202.382813,122.050301
6/2/2021,176.630005,1226.175171,122.816299
6/3/2021,179.669998,1225.650146,121.32357
6/4/2021,182.410004,1219.002319,123.631393
6/7/2021,180.800003,1218.127563,123.64122
6/8/2021,179.610001,1210.43042,124.466148
6/9/2021,180.539993,1226.52478,124.849167
6/10/2021,180.179993,1233.172852,123.847458
6/11/2021,181.470001,1242.444702,125.065208
6/14/2021,180.589996,1275.68396,128.139053
6/15/2021,182.449997,1298.60144,127.314117
6/16/2021,183.839996,1289.504517,127.814964
6/17/2021,185.199997,1280.58252,129.425537
6/18/2021,177.029999,1240.520386,128.119431
6/21/2021,178.880005,1245.59375,129.926392
6/22/2021,179.389999,1270.610718,131.576248
6/23/2021,177.710007,1288.104858,131.3013
6/24/2021,177.669998,1296.851807,131.016495
6/25/2021,178.100006,1307.173828,130.721878
6/28/2021,177.070007,1263.437866,132.361908
6/29/2021,176.729996,1267.286621,133.884064
6/30/2021,174.839996,1265.537354,134.502777
7/1/2021,175.479996,1302.100098,134.807236
7/2/2021,176.029999,1291.60376,137.448975
7/6/2021,174.929993,1303.324707,139.472015
7/7/2021,175.649994,1276.383667,141.976257
7/8/2021,174.229996,1269.385742,140.67012
7/9/2021,177.789993,1277.083496,142.506561
7/12/2021,178.899994,1284.43103,141.907516
7/13/2021,179.179993,1273.934448,143.027054
7/14/2021,180,1265.712158,146.474075
7/15/2021,178.929993,1262.388428,145.816101
7/16/2021,178.130005,1231.073364,143.763596
7/19/2021,176.300003,1224.075562,139.894302
7/20/2021,178.119995,1171.243042,143.527893
7/21/2021,179.679993,1178.415771,142.791367
7/22/2021,177.990005,1213.929077,144.166275
7/23/2021,179.850006,1193.635742,145.894684
7/26/2021,179.5,1194.160645,146.316925
7/27/2021,178.440002,1224.600708,144.13678
7/28/2021,179.869995,1224.075562,142.378906
7/29/2021,181.419998,1229.499023,143.027054
7/30/2021,179.839996,1275.858643,143.243118
8/2/2021,181.880005,1262.388428,142.90921
8/3/2021,185.949997,1271.310547,144.716187
8/4/2021,182.179993,1293.87793,144.313553
8/5/2021,182.860001,1279.532715,144.4216
8/6/2021,180.720001,1296.501953,143.733109
8/9/2021,180.570007,1297.201904,143.683945
8/10/2021,179.899994,1286.355469,143.202011
8/11/2021,181.380005,1292.478149,143.457718
8/12/2021,180.940002,1304.024536,146.437836
8/13/2021,181.339996,1300.997925,146.644394
8/16/2021,180.600006,1291.793579,148.631119
8/17/2021,178.169998,1261.525269,147.716431
8/18/2021,175.729996,1281.173096,143.949478
8/19/2021,168.550003,1275.685913,144.283875
8/20/2021,164.660004,1225.416016,145.749344
8/23/2021,168.740005,1232.319336,147.24437
8/24/2021,171.020004,1258.693237,147.155792
8/25/2021,173.75,1269.667725,145.91655
8/26/2021,171.589996,1267.720947,145.110077
8/27/2021,173.880005,1267.543457,146.152573
8/30/2021,172.860001,1286.660522,150.59816
8/31/2021,174.229996,1267.012695,149.329391
9/1/2021,176.210007,1264.003418,149.998199
9/2/2021,176.240005,1288.076538,151.119446
9/3/2021,179.270004,1268.782715,151.758713
9/7/2021,181.639999,1277.278931,154.10939
9/8/2021,180,1276.393921,152.555374
9/9/2021,180.070007,1269.313599,151.532532
9/10/2021,176.300003,1254.799316,146.51651
9/13/2021,178.460007,1255.684082,147.08696
9/14/2021,179.389999,1285.244385,145.680496
9/15/2021,181.710007,1283.297119,146.575516
9/16/2021,181.940002,1306.484863,146.339447
9/17/2021,180.949997,1295.864624,143.654449
9/20/2021,176.710007,1288.607666,140.585831
9/21/2021,181.899994,1271.614868,141.067719
9/22/2021,181.589996,1317.813354,143.447876
9/23/2021,182.789993,1343.302734,144.411774
9/24/2021,182.570007,1348.612549,144.50029
9/27/2021,186.520004,1353.391724,142.975784
9/28/2021,184.850006,1413.928223,139.572815
9/29/2021,185.449997,1453.046387,140.4776
9/30/2021,177.75,1461.365601,139.16954
10/1/2021,177.619995,1464.729004,140.300583
10/4/2021,171.809998,1458.356812,136.848434
10/5/2021,172.139999,1480.305542,138.785995
10/6/2021,166.970001,1503.84729,139.661301
10/7/2021,169.470001,1462.604736,140.930054
10/8/2021,171.970001,1480.128418,140.546448
10/11/2021,175.149994,1512.166626,140.457962
10/12/2021,177.130005,1537.124634,139.179382
10/13/2021,175.770004,1532.168457,138.589249
10/14/2021,175.509995,1523.140869,141.392319
10/15/2021,176.270004,1544.204834,142.454544
10/18/2021,178.550003,1568.27771,144.136353
10/19/2021,178.669998,1564.914429,146.309952
10/20/2021,177.75,1573.941895,146.801712
10/21/2021,174.020004,1580.668091,147.018097
10/22/2021,173.399994,1554.293945,146.241104
10/25/2021,172.229996,1548.098877,146.19194
10/26/2021,173.199997,1571.640991,146.860764
10/27/2021,174.089996,1569.870728,146.398468
10/28/2021,176.479996,1562.613525,150.057236
10/29/2021,176.570007,1516.237915,147.332855
11/1/2021,179.979996,1487.739624,146.506683
11/2/2021,179.610001,1489.686768,147.54924
11/3/2021,181.070007,1470.57019,148.994995
11/4/2021,181.479996,null,148.473755
11/5/2021,179.279999,1467.384277,149.0056
11/8/2021,180.479996,1489.86377,148.178253
11/9/2021,176.320007,1492.341797,148.542664
11/10/2021,177.360001,1484.199463,145.696136
11/11/2021,179.029999,1487.916626,145.646896
11/12/2021,184.399994,1489.401855,147.735031
11/15/2021,184.389999,1468.288208,147.744858
11/16/2021,187.429993,1499.779785,148.729828
11/17/2021,186.210007,1521.609253,151.182404
11/18/2021,184.649994,1511.410156,155.496521
11/19/2021,185.960007,1485.823486,158.136261
11/22/2021,185.089996,1439.838623,158.599167
11/23/2021,185.059998,1445.206543,158.983322
11/24/2021,184.809998,1465.604248,159.505371
11/26/2021,179.830002,1482.960205,154.452484
11/29/2021,177.470001,1475.803345,157.830902
11/30/2021,177.850006,1392.243652,162.81485
12/1/2021,178.289993,1426.776978,162.292816
12/2/2021,183.160004,1410.852173,161.297989
12/3/2021,182.460007,1437.691528,159.40686
12/6/2021,184.589996,1461.131104,162.834564
12/7/2021,187.440002,1477.413574,168.606415
12/8/2021,182.479996,1504.252808,172.4478
12/9/2021,180.770004,1516.956909,171.935593
12/10/2021,182.350006,1513.020264,176.752106
12/13/2021,176.119995,1493.338135,173.097855
12/14/2021,180.779999,1484.928833,171.709076
12/15/2021,186.75,1444.848511,176.604385
12/16/2021,187.339996,1448.785156,169.670197
12/17/2021,184.039993,1426.240112,168.567047
12/20/2021,181.949997,1455.584351,167.197937
12/21/2021,182.820007,1425.166382,170.389206
12/22/2021,181.360001,1407.810425,172.999344
12/23/2021,183.779999,1448.069092,173.629761
12/27/2021,185.899994,1456.479004,177.618866
12/28/2021,184.75,1472.403809,176.594513
12/29/2021,183.679993,1470.793091,176.683167
12/30/2021,184.080002,1457.731445,175.520905
12/31/2021,185.300003,1448.427246,174.90036
1/3/2022,186.289993,1450.932373,179.273621
1/4/2022,199.190002,1521.609253,176.998367
1/5/2022,196.949997,1540.754395,172.290192
1/6/2022,199.75,1537.175781,169.414108
1/7/2022,200.440002,1553.637085,169.581543
1/10/2022,200.350006,1548.269287,169.601257
1/11/2022,201.899994,1573.140625,172.4478
1/12/2022,206.610001,1616.083252,172.891022
1/13/2022,211.369995,1615.904175,169.601257
1/14/2022,210.690002,1628.787354,170.468048
1/18/2022,207.470001,1648.648315,167.247162
1/19/2022,202.419998,1674.950806,163.730865
1/20/2022,201.470001,1672.445801,162.036728
1/21/2022,199.770004,1644.711914,159.968292
1/24/2022,197.699997,1616.977905,159.19017
1/25/2022,197.009995,1563.120483,157.377808
1/26/2022,194.169998,1620.019653,157.2892
1/27/2022,189.960007,1710.736572,156.826248
1/28/2022,193.130005,1716.999023,167.769241
1/31/2022,198.449997,1695.527466,172.152328
2/1/2022,196.429993,1687.833496,171.984879
2/2/2022,199.660004,1741.512451,173.196381
2/3/2022,199.529999,1728.808228,170.300568
2/4/2022,196.880005,1753.500244,170.014557
2/7/2022,197.240005,1822.388062,169.294632
2/8/2022,200.320007,1844.306641,172.420944
2/9/2022,201.369995,1785.707642,173.850967
2/10/2022,194.410004,1814.336182,169.748291
2/11/2022,192.710007,1805.837158,166.316223
2/14/2022,188.970001,1824.177246,166.552948
2/15/2022,189.399994,1794.206787,170.409058
2/16/2022,190.300003,1774.97168,170.172379
2/17/2022,186.539993,1810.310181,166.552948
2/18/2022,188.970001,1777.972046,164.99472
2/22/2022,185.639999,1766.777344,162.055801
2/23/2022,183.839996,1755.22168,157.864334
2/24/2022,182.229996,1764.610474,160.497528
2/25/2022,185.380005,1754.318726,162.578476
2/28/2022,182.949997,1762.985596,162.844757
3/1/2022,181.710007,1806.049194,160.951233
3/2/2022,179.149994,1780.319214,164.264893
3/3/2022,176.089996,1761.360718,163.939484
3/4/2022,170.75,1848.480713,160.9216
3/7/2022,160.169998,1742.582275,157.10495
3/8/2022,156.339996,1655.191406,155.270584
3/9/2022,164.050003,1788.444702,160.704636
3/10/2022,164.429993,1841.258301,156.335678
3/11/2022,158.270004,1809.660156,152.5979
3/14/2022,161.089996,1765.694214,148.544556
3/15/2022,165.929993,1772.735718,152.952957
3/16/2022,171.889999,1739.513062,157.390945
3/17/2022,171.740005,1751.42981,158.406738
3/18/2022,171.699997,1718.567871,161.720444
3/21/2022,171.800003,1774.360962,163.101151
3/22/2022,172.820007,1753.05481,166.493774
3/23/2022,175.779999,1824.105103,167.864624
3/24/2022,180.270004,1812.368774,171.671448
3/25/2022,178.429993,1882.335571,172.312469
3/28/2022,177.850006,1878.724487,173.180359
3/29/2022,184.809998,1905.356934,176.494049
3/30/2022,180.619995,1861.119751,175.320435
3/31/2022,180.25,1825.459229,172.203995
4/1/2022,180.369995,1906.259644,171.908127
4/4/2022,182.580002,1903.551392,175.981232
4/5/2022,177.660004,1913.482056,172.647797
4/6/2022,176.520004,1910.322266,169.462296
4/7/2022,174.490005,1914.836548,169.768021
4/8/2022,170.779999,1924.315796,167.746277
4/11/2022,169.639999,1883.238281,163.466095
4/12/2022,165.729996,1957.2677,165.349762
4/13/2022,168.440002,1927.475586,168.051987
4/14/2022,167.259995,1955.010986,163.012405
4/18/2022,170.270004,1969.907349,162.795441
4/19/2022,171.449997,1978.935181,165.093307
4/20/2022,175.449997,2011.435913,164.925659
4/21/2022,173.669998,1993.380005,164.126831
4/22/2022,169.529999,2006.019409,159.560623
4/25/2022,172.160004,1975.32373,160.635605
4/26/2022,166.820007,1872.855957,154.63942
4/27/2022,168.039993,1917.544556,154.412537
4/28/2022,172.970001,1923.412964,161.385147
4/29/2022,171,1972.615479,155.477676
5/2/2022,170.690002,1961.782104,155.783401
5/3/2022,172.059998,2000.602051,157.282455
5/4/2022,174.850006,2008.727173,163.73233
5/5/2022,169.929993,2070.11792,154.609802
5/6/2022,173.300003,2075.98584,155.340683
5/9/2022,168.470001,2008.727173,150.185028
5/10/2022,166.449997,2016.401245,152.604843
5/11/2022,157.059998,2091.333252,144.693588
5/12/2022,158.539993,2022.720703,140.802185
5/13/2022,161.330002,2079.597168,145.296066
5/16/2022,159.210007,2110.292236,143.745438
5/17/2022,159.979996,2122.028809,147.399826
5/18/2022,155.479996,2140.084473,139.083633
5/19/2022,155.889999,2120.062988,135.656448
5/20/2022,158.660004,2127.347168,135.893463
5/23/2022,161.350006,2173.781738,141.345398
5/24/2022,160.600006,2154.206299,138.629318
5/25/2022,161.029999,2165.587891,138.787354
5/26/2022,165.529999,2188.804932,142.007141
5/27/2022,166.830002,2166.952881,147.794876
5/31/2022,166.369995,2161.48999,147.00473
6/1/2022,168.699997,2163.766602,146.876358
6/2/2022,170.240005,2149.653564,149.345551
6/3/2022,164.809998,2180.155029,143.587418
6/6/2022,165.580002,2199.730469,144.338028
6/7/2022,166.25,2221.582275,146.876358
6/8/2022,165.350006,2181.065918,146.13562
6/9/2022,164.509995,2128.712891,140.881195
6/10/2022,161.300003,2082.733154,135.439133
6/13/2022,155.5,2101.398438,130.25386
6/14/2022,155.160004,2067.709717,131.123016
6/15/2022,156.75,1952.078735,133.760071
6/16/2022,154.460007,1861.030273,128.456314
6/17/2022,153.949997,1921.577393,129.93782
6/21/2022,159.089996,1958.452393,134.194687
6/22/2022,159.139999,1890.165771,133.681091
6/23/2022,157.520004,1847.373169,136.565109
6/24/2022,159.080002,1900.636475,139.913315
6/27/2022,156.529999,1923.39856,139.913315
6/28/2022,157.110001,1982.124756,135.745316
6/29/2022,155.669998,1989.408936,137.513245
6/30/2022,154.169998,1942.973999,135.034195
7/1/2022,155.470001,1931.137817,137.216934
7/5/2022,154.669998,2005.797607,139.814545
7/6/2022,152.830002,1835.536743,141.15773
7/7/2022,157.149994,1797.478394,144.545471
7/8/2022,156.759995,1851.470337,145.226929
7/11/2022,155.169998,1860.575073,143.083694
7/12/2022,155.429993,1848.738647,144.061508
7/13/2022,155.440002,1819.148071,143.696075
7/14/2022,153.139999,1822.789917,146.639328
7/15/2022,156.699997,1763.062134,148.318359
7/18/2022,156.75,1811.499756,145.256592
7/19/2022,160.419998,1854.65686,149.138153
7/20/2022,157.899994,1851.925415,151.152939
7/21/2022,159.179993,1866.948364,153.434479
7/22/2022,160.300003,1846.917847,152.190002
7/25/2022,159.419998,1856.933105,151.064072
7/26/2022,158.059998,1883.79248,149.730713
7/27/2022,160.050003,1899.725952,154.85675
7/28/2022,159.509995,1927.950928,155.409805
7/29/2022,162.589996,1933.868896,160.50618
8/1/2022,166.770004,1983.945679,159.518524
8/2/2022,163.660004,1944.7948,158.037018
8/3/2022,163.130005,1972.109741,164.081573
8/4/2022,156.660004,1976.206665,163.765503
8/5/2022,157.309998,1941.608154,163.538025
8/8/2022,156.199997,1957.541504,163.063278
8/9/2022,152.940002,1968.011963,163.112747
8/10/2022,157.889999,1988.953247,167.385406
8/11/2022,158.600006,1975.296265,166.643631
8/12/2022,161.309998,2035.596313,170.21405
8/15/2022,160.460007,2036.97583,171.292099
8/16/2022,159.419998,2006.628052,171.133881
8/17/2022,160.770004,1994.213013,172.637222
8/18/2022,159.130005,2006.628052,172.241592
8/19/2022,156.460007,2039.27478,169.640427
8/22/2022,154.320007,2067.783447,165.733704
8/23/2022,153.479996,2063.64502,165.3974
8/24/2022,154.5,2131.237305,165.694107
8/25/2022,156,2108.246826,168.166748
8/26/2022,151.770004,2133.996338,161.826996
8/29/2022,151.770004,2146.411133,159.611526
8/30/2022,150.169998,2151.469482,157.16861
8/31/2022,149.369995,2105.947754,155.497116
9/1/2022,146.800003,2090.314453,156.229004
9/2/2022,145.559998,2137.214844,154.102554
9/6/2022,143.940002,2159.286133,152.836609
9/7/2022,143.339996,2122.960938,154.250931
9/8/2022,144.130005,2081.11792,152.76738
9/9/2022,145.589996,2087.554932,155.645462
9/12/2022,145.039993,2115.144043,161.639053
9/13/2022,140.229996,2134.91626,152.15416
9/14/2022,141.470001,2140.433594,153.608047
9/15/2022,140.449997,2152.848389,150.700241
9/16/2022,140.740005,2128.478516,149.048584
9/19/2022,141.449997,2111.925293,152.78714
9/20/2022,140.729996,2117.442871,155.180618
9/21/2022,137.580002,2147.331055,152.035446
9/22/2022,139.050003,2150.549805,151.066223
9/23/2022,137.279999,2036.515747,148.781509
9/26/2022,135.619995,2033.756714,149.117783
9/27/2022,135.740005,2063.185059,150.096954
9/28/2022,136.889999,2079.278076,148.197983
9/29/2022,133.759995,2061.345947,140.91864
9/30/2022,130.289993,2065.943848,136.685532
10/3/2022,135.589996,2114.683838,140.888977
10/4/2022,139.850006,2150.089844,144.498993
10/5/2022,138.089996,2187.335205,144.795685
10/6/2022,136.169998,2126.179688,143.836334
10/7/2022,135.850006,2156.987305,138.554825
10/10/2022,134.860001,2140.433594,138.88121
10/11/2022,135.059998,2102.269287,137.45697
10/12/2022,135,2086.635498,136.82402
10/13/2022,136.380005,2117.442871,141.423065
10/14/2022,134.110001,2087.554932,136.863571
10/17/2022,136.160004,2084.33667,140.849426
10/18/2022,134.259995,2071.921631,142.174713
10/19/2022,132.970001,2090.314453,142.283508
10/20/2022,133.240005,2133.536621,141.81868
10/21/2022,133.759995,2155.60791,145.656158
10/24/2022,134.740005,2156.527344,147.812241
10/25/2022,137.070007,2105.487793,150.670609
10/26/2022,137.929993,2114.683838,147.713364
10/27/2022,136.470001,2230.097412,143.213211
10/28/2022,139.520004,2224.119629,154.033325
10/31/2022,138.809998,2210.7854,151.659653
11/1/2022,135.160004,2256.766602,148.999115
11/2/2022,135.389999,2232.856445,143.440689
11/3/2022,135.25,2291.25293,137.358093
11/4/2022,137.350006,2323.439697,137.090622
11/7/2022,137.259995,2299.989014,137.62558
11/8/2022,137.5,2242.05249,138.20018
11/9/2022,134.529999,2191.932861,133.613312
11/10/2022,140.520004,2147.507813,145.501495
11/11/2022,143.259995,2189.251709,148.305145
11/14/2022,142.119995,2187.396729,146.898376
11/15/2022,143.75,2203.166748,148.641968
11/16/2022,142.119995,2198.992432,147.403595
11/17/2022,142.929993,2193.426514,149.315628
11/18/2022,143.190002,2174.873535,149.880295
11/21/2022,142.160004,2108.082764,146.630875
11/22/2022,145.330002,2210.124268,148.78064
11/23/2022,146.710007,2186.005371,149.662384
11/25/2022,148.270004,2173.018066,146.72995
11/28/2022,146.509995,2195.745605,142.876205
11/29/2022,145.399994,2189.716064,139.85463
11/30/2022,147.690002,2226.821777,146.650681
12/1/2022,147.660004,2267.174561,146.92807
12/2/2022,146.529999,2209.6604,146.432724
12/5/2022,143.190002,2194.354004,145.263763
12/6/2022,141.089996,2203.630371,141.5784
12/7/2022,141.860001,2187.86084,139.62677
12/8/2022,142.279999,2147.97168,141.320816
12/9/2022,143.339996,2142.405762,140.835388
12/12/2022,144.119995,2120.605957,143.143677
12/13/2022,144.5,2129.418457,144.114548
12/14/2022,144.649994,2150.290527,141.87561
12/15/2022,141.660004,2129.88208,135.228149
12/16/2022,140.429993,2123.852783,133.256653
12/19/2022,139.610001,2080.717041,131.136612
12/20/2022,138.830002,2121.533691,131.067276
12/21/2022,137.460007,2140.550537,134.187912
12/22/2022,137,2184.149658,130.997925
12/23/2022,137.139999,2182.294922,130.631363
12/27/2022,136.160004,2195.281494,128.818405
12/28/2022,134.130005,2179.975342,124.865585
12/29/2022,137.410004,2179.511963,128.402328
12/30/2022,136.580002,2157.712158,128.71933
1/3/2023,138.279999,2195.745605,123.904625
1/4/2023,137.190002,2119.678467,125.18261
1/5/2023,135.520004,2144.260742,123.855095
1/6/2023,138.970001,2179.975342,128.412216
1/9/2023,139.940002,2206.877441,128.937286
1/10/2023,139.139999,2204.558105,129.511887
1/11/2023,138.850006,2231.923828,132.246185
1/12/2023,142.360001,2256.506592,132.166916
1/13/2023,140.300003,2263.927979,133.504333
1/17/2023,144.770004,2250.013184,134.67334
1/18/2023,145.509995,2243.983643,133.95015
1/19/2023,144.179993,2229.60498,134.009567
1/20/2023,146.110001,2189.716064,136.585358
1/23/2023,146.029999,2192.034912,139.795197
1/24/2023,146.009995,2194.354004,141.201935
1/25/2023,146.149994,2177.65625,140.538208
1/26/2023,145.470001,2163.277832,142.618622
1/27/2023,147.160004,2172.090576,144.570251
1/30/2023,145.179993,2198.992432,141.667557
1/31/2023,147.110001,2203.166748,142.945526
2/1/2023,148.580002,2202.239502,144.074921
2/2/2023,146.619995,2195.281494,149.414734
2/3/2023,144.710007,2168.379883,153.06041
2/6/2023,143.789993,2239.345215,150.316223
2/7/2023,144.639999,2224.966309,153.20903
2/8/2023,143.830002,2277.378906,150.504456
2/9/2023,144.830002,2266.246826,149.464218
2/10/2023,143.419998,2287.582764,149.83136
2/13/2023,143.860001,2355.30127,152.64917
2/14/2023,142.649994,2360.867432,152.004257
2/15/2023,140.970001,2375.245605,154.117645
2/16/2023,142.699997,2392.407227,152.510284
2/17/2023,142.850006,2422.943359,151.359314
2/21/2023,139.179993,2379.400391,147.321091
2/22/2023,138.649994,2363.481689,147.747726
2/23/2023,138.949997,2327.430176,148.233902
2/24/2023,136.050003,2293.719727,145.564911
2/27/2023,136.25,2324.152588,146.765488
2/28/2023,135.919998,2340.072021,146.259445
3/1/2023,136.529999,2375.186768,144.175827
3/2/2023,137.270004,2365.82251,144.771149
3/3/2023,139.830002,2400.937988,149.851196
3/6/2023,140.130005,2438.862061,152.629333
3/7/2023,139.080002,2415.920166,150.416748
3/8/2023,139.710007,2434.179932,151.676819
3/9/2023,138.520004,2432.775146,149.414642
3/10/2023,137.970001,2422.943359,147.340927
3/13/2023,137.119995,2409.365234,149.295578
3/14/2023,136.669998,2382.677979,151.399002
3/15/2023,133.580002,2282.950928,151.795883
3/16/2023,135.899994,2312.447754,154.633575
3/17/2023,133.479996,2115.802979,153.790207
3/20/2023,135.130005,2068.514648,156.171478
3/21/2023,135.779999,2073.196777,158.036789
3/22/2023,135.570007,2093.797852,156.598129
3/23/2023,135.869995,2163.55957,157.689514
3/24/2023,136.649994,2170.114258,158.999237
3/27/2023,136.960007,2127.507813,157.044617
3/28/2023,137.929993,2060.554932,156.419495
3/29/2023,139.669998,2090.52002,159.515182
3/30/2023,139.619995,2119.080566,161.092758
3/31/2023,141.690002,2151.854492,163.61293
4/3/2023,142.339996,2170.58252,164.873016
4/4/2023,142.139999,2161.686523,164.33725
4/5/2023,140.419998,2252.049561,162.481842
4/6/2023,138.869995,2208.975342,163.374817
4/10/2023,138.009995,2212.720703,160.76532
4/11/2023,137.589996,2263.286865,159.544937
4/12/2023,136.440002,2275.927979,158.850418
4/13/2023,137.229996,2289.973877,164.267792
4/14/2023,135.960007,2292.783447,163.920532
4/17/2023,137.75,2305.424805,163.940353
4/18/2023,137.039993,2298.870117,165.1707
4/19/2023,135.259995,2311.043213,166.321625
4/20/2023,133.800003,2301.210693,165.349258
4/21/2023,134.669998,2293.719727,163.73201
4/24/2023,134.839996,2296.99707,164.039566
4/25/2023,133.509995,2304.956787,162.49176
4/26/2023,134.020004,2271.24585,162.481842
4/27/2023,137.520004,2279.205566,167.095535
4/28/2023,137.330002,2248.303955,168.355606
5/1/2023,136.690002,2296.060303,168.266327
5/2/2023,135.160004,2193.524414,167.224533
5/3/2023,135.570007,2177.605713,166.143051
5/4/2023,134.910004,2196.33374,164.495972
5/5/2023,137.539993,2238.472168,172.215286
5/8/2023,137.809998,2226.76709,172.145798
5/9/2023,140.850006,2245.962891,170.429337
5/10/2023,143.589996,2235.194336,172.205353
5/11/2023,142.669998,2255.79541,172.39386
5/12/2023,143.270004,2258.604248,171.459915
5/15/2023,142.399994,2232.853516,170.96312
5/16/2023,141.130005,2244.090332,170.96312
5/17/2023,142.020004,2262.517334,171.579132
5/18/2023,142.509995,2277.645264,173.923965
5/19/2023,142.220001,2264.408447,174.033249
5/22/2023,141.190002,2286.154541,173.079422
5/23/2023,139.550003,2262.044434,170.456406
5/24/2023,139.330002,2212.880371,170.734604
5/25/2023,139.600006,2224.22583,171.877213
5/26/2023,140.080002,2157.570068,174.301483
5/30/2023,137.729996,2099.423096,176.15947
5/31/2023,136.130005,2125.423828,176.109802
6/1/2023,140.649994,2165.133545,178.931519
6/2/2023,146,2160.40625,179.78598
6/5/2023,145.729996,2149.533447,178.42482
6/6/2023,148.479996,2169.388672,178.05719
6/7/2023,145.309998,2183.0979,176.676132
6/8/2023,146.860001,2169.388672,179.408463
6/9/2023,148.639999,2153.788086,179.795914
6/12/2023,149.589996,2170.806396,182.607727
6/13/2023,158.080002,2178.843262,182.130814
6/14/2023,165.570007,2207.207275,182.766708
6/15/2023,168.179993,2208.625732,184.813461
6/16/2023,164.350006,2212.407227,183.730469
6/20/2023,157.149994,2194.91626,183.819885
6/21/2023,156.5,2234.625977,182.776657
6/22/2023,157.110001,2206.261963,185.797089
6/23/2023,153.380005,2192.07959,185.479126
6/26/2023,154.550003,2213.352539,184.078201
6/27/2023,157.179993,2193.025146,186.850266
6/28/2023,160.110001,2196.807129,188.032593
6/29/2023,160.399994,2198.697754,188.370422
6/30/2023,160.75,2214.77124,192.72226
7/3/2023,160.470001,2249.753662,191.221954
7/5/2023,161.899994,2250.698975,190.099228
7/6/2023,160.830002,2202.007324,190.576141
7/7/2023,161.770004,2141.024414,189.4534
7/10/2023,160.240005,2158.042725,187.396713
7/11/2023,158.419998,2179.315918,186.870148
7/12/2023,159.270004,2193.497559,188.549255
7/13/2023,160.350006,2223.75293,189.314301
7/14/2023,159.149994,2218.080322,189.463364
7/17/2023,159.449997,2187.352539,192.742111
7/18/2023,163.190002,2182.152344,192.483795
7/19/2023,163.970001,2195.861816,193.844955
7/20/2023,163.279999,2239.353271,191.88765
7/21/2023,162.809998,2264.881348,190.705292
7/24/2023,164.529999,2286.154541,191.510117
7/25/2023,165.559998,2309.791016,192.374481
7/26/2023,165.699997,2278.590576,193.24884
7/27/2023,165.429993,2265.82666,191.977051
7/28/2023,167.149994,2235.098877,194.570267
7/31/2023,168.240005,2213.825684,195.186295
8/1/2023,171.839996,2236.989746,194.351685
8/2/2023,173.850006,2223.280518,191.341187
8/3/2023,168.570007,2192.07959,189.940262
8/4/2023,170.789993,2211.462158,180.819305
8/7/2023,173.389999,2258.262939,177.699524
8/8/2023,170.289993,2246.916992,178.643402
8/9/2023,167.229996,2242.662598,177.043762
8/10/2023,167.660004,2296.081543,176.825165
8/11/2023,167.279999,2324.869385,176.884857
8/14/2023,166.699997,2309.099121,178.546371
8/15/2023,165.389999,2287.594727,176.546585
8/16/2023,162.240005,2263.223145,175.671082
8/17/2023,162.279999,2252.709717,173.114166
8/18/2023,161.869995,2260.355713,173.601669
8/21/2023,162.789993,2255.576904,174.944794
8/22/2023,164.990005,2264.656738,176.327698
8/23/2023,165.910004,2263.700928,180.197922
8/24/2023,162.779999,2248.886719,175.48204
8/25/2023,164.460007,2261.789307,177.700699
8/28/2023,167.25,2273.258301,179.272659
8/29/2023,167.389999,2299.541504,183.182632
8/30/2023,168.050003,2305.75415,186.694672
8/31/2023,172.130005,2304.79834,186.913528
9/1/2023,172.539993,2336.338135,188.495438
9/5/2023,175.369995,2336.338135,188.734222
9/6/2023,178.830002,2359.75415,181.978806
9/7/2023,178.869995,2378.868896,176.656021
9/8/2023,177.130005,2391.293701,177.272873
9/11/2023,178.669998,2391.771729,178.446884
9/12/2023,181.279999,2398.939697,175.402451
9/13/2023,183.979996,2418.054932,173.32309
9/14/2023,187.979996,2409.452881,174.845306
9/15/2023,189.199997,2467.276367,174.119003
9/18/2023,188.960007,2465.842529,177.06395
9/19/2023,195.039993,2476.355957,178.15834
9/20/2023,188.75,2497.382324,174.596588
9/21/2023,186.300003,2479.701172,173.044495
9/22/2023,187.100006,2481.134766,173.900131
9/25/2023,184.839996,2492.125732,175.183563
9/26/2023,180.5,2489.736328,171.084549
9/27/2023,182.389999,2484.479736,169.562317
9/28/2023,182.419998,2513.152344,169.821014
9/29/2023,179.75,2542.780762,170.338379
10/2/2023,178.460007,2490.692139,172.865417
10/3/2023,173.649994,2467.75415,171.522308
10/4/2023,169.449997,2463.453125,172.775894
10/5/2023,173.039993,2409.931152,174.019531
10/6/2023,173.179993,2420.444336,176.586395
10/9/2023,174.119995,2467.276367,178.078751
10/10/2023,177.149994,2531.789551,177.481812
10/11/2023,178.029999,2545.170166,178.884628
10/12/2023,181.600006,2528.922363,179.790009
10/13/2023,177.679993,2562.373535,177.939484
10/16/2023,179.100006,null,177.81012
10/17/2023,178.220001,2628.798584,176.248123
10/18/2023,175.979996,2648.869385,174.944794
10/19/2023,174.699997,2649.824951,174.566727
10/20/2023,173.479996,2635.966553,171.999863
10/23/2023,173.809998,2606.815918,172.119247
10/24/2023,174.119995,2609.68335,172.556992
10/25/2023,175.179993,2596.302734,170.228928
10/26/2023,171.610001,2597.736572,166.040344
10/27/2023,172.809998,2569.541748,167.363571
10/30/2023,171.399994,2581.010742,169.423035
10/31/2023,175.179993,2568.108154,169.900604
11/1/2023,185.779999,2529.399902,173.084305
11/2/2023,186.550003,2539.435547,176.665985
11/3/2023,189.589996,2645.52417,175.750656
11/6/2023,189.649994,2535.134766,178.31752
11/7/2023,189.570007,2555.205566,180.894333
11/8/2023,183.419998,2509.807373,181.958893
11/9/2023,184.220001,2481.612549,181.481339
11/10/2023,187,2499.293945,185.695343
11/13/2023,187.740005,2513.152344,184.10141
11/14/2023,192.080002,2538.95752,186.731415
11/15/2023,189.110001,2504.550537,187.299255
11/16/2023,190.399994,2518.886719,188.992859
11/17/2023,193.360001,2467.054932,188.972916
11/20/2023,187.679993,2518.220947,190.726257
11/21/2023,183.210007,2549.595947,189.919327
11/22/2023,184.229996,2522.565186,190.586792
11/24/2023,188.300003,2468.020508,189.251862
11/27/2023,186.610001,2496.499512,189.072525
11/28/2023,187.160004,2505.187988,189.680222
11/29/2023,189.509995,2481.535889,188.654114
11/30/2023,189.779999,2491.189697,189.231918
12/1/2023,192.740005,2465.124268,190.517059
12/4/2023,187.369995,2471.399414,188.713898
12/5/2023,187.990005,2479.122314,192.688812
12/6/2023,189.889999,2448.712646,191.592987
12/7/2023,190.240005,2438.576172,193.535614
12/8/2023,187.279999,2403.822021,194.970154
12/11/2023,187.080002,2395.133545,192.449707
12/12/2023,184.800003,2433.266357,193.973953
12/13/2023,185.479996,2429.404785,197.211655
12/14/2023,183.419998,2412.510498,197.361084
12/15/2023,180.619995,2407.683594,196.823135
12/18/2023,183.279999,2432.783936,195.149475
12/19/2023,183.949997,2416.372314,196.195511
12/20/2023,179.940002,2449.195557,194.093491
12/21/2023,180.860001,2454.505127,193.944031
12/22/2023,178.529999,2491.672852,192.868149
12/26/2023,179.850006,2468.503174,192.320221
12/27/2023,180.720001,2477.674561,192.41983
12/28/2023,181.110001,2467.537842,192.848206
12/29/2023,183.380005,2460.780029,191.80217
1/2/2024,181.369995,2482.501465,184.938217
1/3/2024,181.550003,2486.362793,183.553482
1/4/2024,182.970001,2503.25708,181.222336
1/5/2024,187.070007,2504.705322,180.495071
1/8/2024,187.889999,2482.018555,184.858521
1/9/2024,185.990005,2404.787354,184.440109
1/10/2024,192.720001,2395.133545,185.486145
1/11/2024,194.949997,2362.792725,184.888412
1/12/2024,195.679993,2359.896729,185.217163
1/16/2024,195.600006,2375.825684,182.935822
1/17/2024,194.139999,2374.860352,181.98941
1/18/2024,200.080002,2351.208496,187.916931
1/19/2024,200.669998,2296.181152,190.835846
1/22/2024,201.419998,2291.836914,193.157028
1/23/2024,201.399994,2288.457764,194.442154
1/24/2024,200.720001,2279.769531,193.764725
1/25/2024,199.559998,2293.284668,193.435974
1/26/2024,198.059998,2296.663574,191.692596
1/29/2024,201.660004,2308.248535,191.005203
1/30/2024,201.850006,2345.415771,187.329147
1/31/2024,199.699997,2367.137207,183.702911
2/1/2024,202.179993,2388.375732,186.153625
2/2/2024,202.539993,2362.310303,185.14743
2/5/2024,203.029999,2419.268311,186.970505
2/6/2024,218.860001,2385.962402,188.584396
2/7/2024,223.050003,2385.479492,188.693985
2/8/2024,226.309998,2402.856689,187.608109
2/9/2024,224.460007,2385.479492,188.37616
2/12/2024,225.860001,2392.720215,186.68042
2/13/2024,231,2401.408691,184.575714
2/14/2024,227.029999,2409.131836,183.687943
2/15/2024,228.539993,2402.374023,183.398682
2/16/2024,227.360001,2411.062744,181.852554
2/20/2024,226.770004,2404.621582,181.104446
2/21/2024,227.089996,2436.826416,181.862549
2/22/2024,234.449997,2447.561279,183.907394
2/23/2024,235,2428.043213,182.062042
2/26/2024,238.130005,2447.561279,180.70546
2/27/2024,238.039993,2446.097412,182.171768
2/28/2024,237.289993,2433.898682,180.964798
2/29/2024,240.550003,2410.965088,180.296478
3/1/2024,246.039993,2413.892578,179.209229
3/4/2024,243.839996,2400.22998,174.66066
3/5/2024,248.190002,2397.790283,169.693161
3/6/2024,252.399994,2434.386719,168.695648
3/7/2024,247.940002,2401.206055,168.575958
3/8/2024,242.820007,2393.398682,170.301605
3/11/2024,235.460007,2428.53125,172.316559
3/12/2024,237.949997,2422.187744,172.795334
3/13/2024,232.830002,2411.452881,170.700623
3/14/2024,230.970001,2412.916748,172.565933
3/15/2024,234.619995,2436.826416,172.186874
3/18/2024,238.660004,2466.591309,173.284119
3/19/2024,244.320007,2476.838379,175.638199
3/20/2024,246.720001,2487.085205,178.22171
3/21/2024,251.479996,2498.796143,170.940018
3/22/2024,254.770004,2531.48877,171.847733
3/25/2024,252.410004,2529.049072,170.421326
3/26/2024,253.720001,2558.326172,169.284195
3/27/2024,252.149994,2568.572998,172.875137
3/28/2024,251.679993,2586.627197,171.049744
4/1/2024,242.149994,2583.211426,169.603378
4/2/2024,239.889999,2550.031006,168.416351
4/3/2024,241.779999,2561.741699,169.224319
4/4/2024,239.160004,2651.524902,168.396423
4/5/2024,240.740005,2681.289795,169.154495
4/8/2024,244.210007,2697.39209,168.027344
4/9/2024,246.929993,2713.006348,169.244278
4/10/2024,244.789993,2746.187256,167.359024
4/11/2024,246.990005,2760.337891,174.6008
4/12/2024,242.970001,2799.861572,176.107025
4/15/2024,241.669998,2788.150879,172.256699
4/16/2024,236.520004,2866.223145,168.955017
4/17/2024,233.970001,2819.86792,167.578476
4/18/2024,231.839996,2766.193115,166.62088
4/19/2024,228.720001,2777.416016,164.585999
4/22/2024,230.300003,2773.024414,165.423874
4/23/2024,230.410004,2782.295654,166.481216
4/24/2024,232.880005,2836.946045,168.595917
4/25/2024,225.360001,2825.235352,169.46373
4/26/2024,226.710007,2836.946045,168.875214
4/29/2024,227.940002,2831.090576,173.064667
4/30/2024,227.309998,2833.530273,169.902634
5/1/2024,226.830002,2817.916016,168.875214
5/2/2024,230.800003,2794.006348,172.59584
5/3/2024,232.869995,2751.06665,182.919876
5/6/2024,235.600006,2803.765381,181.254089
5/7/2024,231.259995,2789.614746,181.942322
5/8/2024,231.779999,2825.235352,182.281494
5/9/2024,227.240005,2821.819336,184.106903
5/10/2024,218.779999,2838.409912,182.838364
5/13/2024,215.639999,2875.006104,186.064636
5/14/2024,217.119995,2866.223145,187.213303
5/15/2024,219.550003,2831.090576,189.500656
5/16/2024,215.630005,2799.861572,189.620514
5/17/2024,219.759995,2794.330322,189.650482
5/20/2024,220.5,2770.130615,190.819122
5/21/2024,219.360001,2769.636719,192.127625
5/22/2024,216.630005,2769.142822,190.679291
5/23/2024,214.720001,2726.669922,186.66394
5/24/2024,216.839996,2738.522705,189.760345
5/28/2024,218.720001,2738.029053,189.770355
5/29/2024,213.949997,2746.424805,190.069992
5/30/2024,214.169998,2767.16748,191.068832
5/31/2024,217.509995,2762.722656,192.027725
6/3/2024,212.169998,2777.044922,193.805664
6/4/2024,210.380005,2748.400146,194.125305
6/5/2024,208.330002,2689.629395,195.643539
6/6/2024,210.039993,2684.196777,194.255142
6/7/2024,206.360001,2702.964111,196.662369
6/10/2024,208.020004,2699.012939,192.896713
6/11/2024,205.309998,2723.706543,206.910492
6/12/2024,205.649994,2716.79248,212.823669
6/13/2024,199.350006,2710.865967,213.99231
6/14/2024,197.130005,2690.617188,212.244339
6/17/2024,195.199997,2677.776611,216.419495
6/18/2024,194.139999,2692.592773,214.042236
6/20/2024,194.539993,2700.000732,209.437576
6/21/2024,193.580002,2714.322998,207.250122
6/24/2024,198.979996,2733.583984,207.899353
6/25/2024,206.220001,2742.967773,208.828293
6/26/2024,203.179993,2760.253174,213.003448
6/27/2024,203.880005,2773.093994,213.852478
6/28/2024,204.970001,2756.796143,210.37648
7/1/2024,203.710007,2779.020264,216.499405
7/2/2024,206.210007,2799.269043,220.015335
7/3/2024,206.25,2822.481201,221.293854
7/5/2024,206.449997,2834.333984,226.078308
7/8/2024,204.940002,2816.060791,227.55661
7/9/2024,201.669998,2864.460205,228.415604
7/10/2024,205.880005,2826.926025,232.710632
7/11/2024,203.729996,2800.256836,227.3069
7/12/2024,207.589996,2799.269043,230.273453
7/15/2024,206.910004,2798.281494,234.128998
7/16/2024,206.600006,2780.501953,234.548523
7/17/2024,204.389999,2778.032715,228.615387
7/18/2024,199.850006,2773.093994,223.920807
7/19/2024,197.149994,2748.400146,224.050659
7/22/2024,200.139999,2764.204102,223.70108
7/23/2024,200.789993,2799.762939,224.749847
7/24/2024,197.199997,2759.265381,218.287323
7/25/2024,195.25,2758.771484,217.238556
7/26/2024,192.520004,2713.335205,217.708008
7/29/2024,192.479996,2730.126953,217.987686
7/30/2024,193.110001,2728.151611,218.547043
7/31/2024,193.550003,2745.437012,221.823242
8/1/2024,179.070007,2737.535156,218.107544
8/2/2024,173.020004,2732.596436,219.605804
8/5/2024,168.350006,2805.195557,209.028061
8/6/2024,169.600006,2790.379395,206.990402
8/7/2024,167.179993,2742.967773,209.577423
8/8/2024,169.369995,2660.490967,213.063385
8/9/2024,168.589996,2675.307129,215.990005
8/12/2024,167.970001,2736.547363,217.529999
8/13/2024,172.389999,2740.992188,221.270004
8/14/2024,177.009995,2741.97998,221.720001
8/15/2024,181.789993,2764.697998,224.720001
8/16/2024,182.669998,2746.918701,226.050003
8/19/2024,183.699997,2772.600098,225.889999
8/20/2024,181.339996,2805.5,226.509995
8/21/2024,183.619995,2790,226.399994
8/22/2024,181.5,2813,224.529999
8/23/2024,185.089996,2733,226.839996
8/26/2024,180.570007,2718.5,227.179993
8/27/2024,185.75,2708,228.029999
